source,run_id,family_or_group,case_name,parameter_regime,validation_level,stop_reason,iteration_count,cut_count,final_violation_upper_bound,total_objective,construction_cost,weighted_normal_term,disaster_master_term,notes
current_experiment,integrated_mainline_paper_like,paper_like_tableII_family,integrated_mainline_paper_like,paper_like_tableII,epsilon_certified,certified_epsilon,1,1,16575.030000000726,13207087.728478337,171730.13627193242,13035357.592206404,0.0,
current_experiment,normal_only_paper_like,paper_like_tableII_family,normal_only_paper_like,paper_like_tableII,exact,direct_optimal,0,1,0.0,18793795.328542694,171760.06442104536,18622035.264121648,0.0,
current_experiment,disaster_only_paper_like,paper_like_tableII_family,disaster_only_paper_like,paper_like_tableII,smoke_only,max_iterations,5,5,71546.45000003651,26823.693279902243,23113.82481765002,0.0,3709.868462252223,
current_experiment,deterministic_mean_value_paper_like,paper_like_tableII_family,deterministic_mean_value_paper_like,paper_like_tableII,epsilon_certified,certified_epsilon,1,1,16575.030000000726,13207087.728478337,171730.13627193242,13035357.592206404,0.0,
current_experiment,ev_penetration_1_5x_paper_like,paper_like_tableII_family,ev_penetration_1_5x_paper_like,paper_like_tableII,epsilon_certified,certified_epsilon,1,1,3692.670000000391,17273788.20712779,262853.6935867764,17010934.51354102,0.0,
current_experiment,ev_penetration_2_0x_paper_like,paper_like_tableII_family,ev_penetration_2_0x_paper_like,paper_like_tableII,epsilon_certified,certified_epsilon,1,1,2601.750000000233,26173111.322401464,305364.11493179464,25867747.20746967,0.0,
current_experiment,integrated_mainline_runtime12,runtime12_directional_family,integrated_mainline_runtime12,runtime12_directional,smoke_only,max_iterations,2,2,10529.50500000018,24916798.832808632,4410273.923833655,20506437.556191694,87.35278330225373,
current_experiment,normal_only_runtime12,runtime12_directional_family,normal_only_runtime12,runtime12_directional,exact,direct_optimal,0,1,0.0,27195204.541824397,4410273.923833655,22784930.617990784,0.0,
current_experiment,deterministic_mean_value_runtime12,runtime12_directional_family,deterministic_mean_value_runtime12,runtime12_directional,smoke_only,max_iterations,2,2,12987.68000000075,24858124.365097396,4183374.4336056146,20674646.360838365,103.5706534132272,
current_experiment,ev_penetration_1_5x_runtime12,runtime12_directional_family,ev_penetration_1_5x_runtime12,runtime12_directional,smoke_only,max_iterations,2,2,5985.6700000002165,36750553.183723375,6172481.341952035,30577949.732886072,122.10888533352457,
current_experiment,ev_penetration_2_0x_runtime12,runtime12_directional_family,ev_penetration_2_0x_runtime12,runtime12_directional,smoke_only,max_iterations,2,2,5985.6700000002165,53401075.4307536,6470032.170454676,46930921.15141376,122.10888533352457,
convergence_diagnostic,normal_only_paper_like_direct_exact,convergence_diagnostic,normal_only_paper_like_direct_exact,paper_like_tableII,exact,direct_optimal,0,1,0.0,18793795.328542694,171760.06442104536,18622035.264121648,0.0,direct master baseline; no Benders separation or cut generation
convergence_diagnostic,integrated_paper_like_eps20000_i2_k2_a1b1,convergence_diagnostic,integrated_mainline,paper_like_tableII,epsilon_certified,certified_epsilon,1,1,16575.030000000726,13207087.728478337,171730.13627193242,13035357.592206404,0.0,epsilon stop by design: final violation stayed nonzero but below epsilon_cert=20000.0; dominant runtime component: master-side
convergence_diagnostic,integrated_paper_like_eps10000_i5_k2_a1b1,convergence_diagnostic,integrated_mainline,paper_like_tableII,epsilon_certified,certified_epsilon,5,5,6363.820000000065,13207755.451746482,171730.13627193242,13035579.452562211,445.86291234010275,epsilon stop by design: final violation stayed nonzero but below epsilon_cert=10000.0; lower-bound gain=667.723; violation drop=10211.210; dominant runtime component: master-side
convergence_diagnostic,integrated_paper_like_exact_i10_k2_a1b1,convergence_diagnostic,integrated_mainline,paper_like_tableII,smoke_only,max_iterations,10,10,2818.310000000056,13208090.806477968,172089.27406128767,13035517.893568961,483.6388477161834,true non-certification under enlarged iteration budget; lower-bound gain=1003.078; violation drop=13756.720; dominant runtime component: master-side; smoke_only result should not be promoted beyond directional diagnosis
convergence_diagnostic,integrated_paper_like_exact_i20_k2_a1b1,convergence_diagnostic,integrated_mainline,paper_like_tableII,smoke_only,max_iterations,20,20,3747.1099999961443,13208261.311175572,171730.13627193242,13035579.452562211,951.7223414290767,true non-certification under enlarged iteration budget; lower-bound gain=1173.583; violation drop=12827.920; dominant runtime component: master-side; repeated outage pattern observed; smoke_only result should not be promoted beyond directional diagnosis
convergence_diagnostic,integrated_runtime12_exact_i2_k2_a12b12,convergence_diagnostic,integrated_mainline,runtime12_directional,smoke_only,max_iterations,2,2,10529.50500000018,24916798.832808632,4410273.923833655,20506437.556191694,87.35278330225373,intentionally bounded smoke run with low iteration budget; lower-bound gain=87.353; violation drop=2458.175; dominant runtime component: master-side; smoke_only result should not be promoted beyond directional diagnosis
convergence_diagnostic,integrated_runtime12_exact_i2_k1_a1234b1234,convergence_diagnostic,integrated_mainline,runtime12_directional,smoke_only,max_iterations,2,2,10492.675000000047,25169160.071633365,4264895.208537845,20904195.48599902,69.3770964947454,intentionally bounded smoke run with low iteration budget; lower-bound gain=1324.209; violation drop=1724.215; dominant runtime component: master-side; smoke_only result should not be promoted beyond directional diagnosis
convergence_diagnostic,integrated_runtime12_exact_i2_k3_a1234b1234,convergence_diagnostic,integrated_mainline,runtime12_directional,smoke_only,max_iterations,2,2,15217.614999999438,25168867.376502637,4264895.208537845,20903842.07511204,130.09285271837186,intentionally bounded smoke run with low iteration budget; lower-bound gain=1031.514; violation drop=7690.955; dominant runtime component: master-side; smoke_only result should not be promoted beyond directional diagnosis
convergence_diagnostic,deterministic_paper_like_eps20000_i2_k2_a1b1,convergence_diagnostic,deterministic_mean_value,paper_like_tableII,epsilon_certified,certified_epsilon,1,1,16575.030000000726,13207087.728478337,171730.13627193242,13035357.592206404,0.0,epsilon stop by design: final violation stayed nonzero but below epsilon_cert=20000.0; dominant runtime component: master-side
convergence_diagnostic,deterministic_runtime12_exact_i2_k2_a12b12,convergence_diagnostic,deterministic_mean_value,runtime12_directional,smoke_only,max_iterations,2,2,12987.68000000075,24858124.365097396,4183374.4336056146,20674646.360838365,103.5706534132272,intentionally bounded smoke run with low iteration budget; lower-bound gain=-23.046; violation drop=3789.950; dominant runtime component: master-side; smoke_only result should not be promoted beyond directional diagnosis
convergence_diagnostic,disaster_only_paper_like_exact_i5_k1_a1b1,convergence_diagnostic,disaster_only,paper_like_tableII,smoke_only,max_iterations,5,5,46818.8099999954,29087.07384291861,23113.82481765002,0.0,5973.2490252685875,true non-certification under enlarged iteration budget; lower-bound gain=29087.074; violation drop=104728.770; dominant runtime component: master-side; smoke_only result should not be promoted beyond directional diagnosis
convergence_diagnostic,disaster_only_paper_like_exact_i20_k2_a1b1,convergence_diagnostic,disaster_only,paper_like_tableII,smoke_only,max_iterations,20,20,35891.95999998739,44130.916698912304,26832.28942360707,0.0,17298.627275305236,true non-certification under enlarged iteration budget; lower-bound gain=44130.917; violation drop=115655.620; dominant runtime component: master-side; repeated outage pattern observed; smoke_only result should not be promoted beyond directional diagnosis
cut_process,integrated_paper_like_exact_i10_k2_a1b1__baseline,integrated_paper_like_exact_i10_k2_a1b1,integrated_paper_like_exact,paper_like_exact,smoke_only,max_iterations,10,10,2818.310000000056,13208090.806477968,172089.27406128767,13035517.893568961,483.6388477161834,stop_reason=max_iterations; diagnosis=max_iter_noncert; non-certified run remains smoke_only; plan-changing cuts=9/9; alpha/lambda-only cuts=0/9; lower-bound gain=1003.078
cut_process,integrated_paper_like_exact_i10_k2_a1b1__improved,integrated_paper_like_exact_i10_k2_a1b1,integrated_paper_like_exact,paper_like_exact,smoke_only,max_iterations,10,10,2818.310000000056,13208090.806477968,172089.27406128767,13035517.893568961,483.6388477161834,stop_reason=max_iterations; diagnosis=max_iter_noncert; non-certified run remains smoke_only; plan-changing cuts=9/9; alpha/lambda-only cuts=0/9; lower-bound gain=1003.078
cut_process,integrated_paper_like_exact_i20_k2_a1b1__baseline,integrated_paper_like_exact_i20_k2_a1b1,integrated_paper_like_exact,paper_like_exact,smoke_only,max_iterations,20,20,3747.1099999961443,13208261.311175572,171730.13627193242,13035579.452562211,951.7223414290767,stop_reason=max_iterations; diagnosis=max_iter_noncert; non-certified run remains smoke_only; repeated outages=1; plan-changing cuts=19/19; alpha/lambda-only cuts=0/19; lower-bound gain=1173.583
cut_process,integrated_paper_like_exact_i20_k2_a1b1__improved,integrated_paper_like_exact_i20_k2_a1b1,integrated_paper_like_exact,paper_like_exact,smoke_only,max_iterations,20,20,3747.1099999961443,13208261.311175572,171730.13627193242,13035579.452562211,951.7223414290767,stop_reason=max_iterations; diagnosis=max_iter_noncert; non-certified run remains smoke_only; repeated outages=1; plan-changing cuts=19/19; alpha/lambda-only cuts=0/19; lower-bound gain=1173.583
cut_process,integrated_paper_like_exact_i40_k2_a1b1__baseline,integrated_paper_like_exact_i40_k2_a1b1,integrated_paper_like_exact,paper_like_exact,exact,certified_exact,23,23,4.656612873077393e-10,13208233.806745833,172119.2022104006,13035594.074407563,520.530127871867,stop_reason=certified_exact; diagnosis=exact_zero; repeated outages=3; plan-changing cuts=22/22; alpha/lambda-only cuts=0/22; lower-bound gain=1146.078
cut_process,integrated_paper_like_exact_i40_k2_a1b1__improved,integrated_paper_like_exact_i40_k2_a1b1,integrated_paper_like_exact,paper_like_exact,exact,certified_exact,23,23,4.656612873077393e-10,13208233.806745833,172119.2022104006,13035594.074407563,520.530127871867,stop_reason=certified_exact; diagnosis=exact_zero; repeated outages=3; plan-changing cuts=22/22; alpha/lambda-only cuts=0/22; lower-bound gain=1146.078
cut_process,disaster_only_paper_like_exact_i5_k1_a1b1__baseline,disaster_only_paper_like_exact_i5_k1_a1b1,disaster_only_paper_like_exact,paper_like_exact,smoke_only,max_iterations,5,5,46818.8099999954,29087.07384291861,23113.82481765002,0.0,5973.2490252685875,stop_reason=max_iterations; diagnosis=max_iter_noncert; non-certified run remains smoke_only; plan-changing cuts=3/4; alpha/lambda-only cuts=1/4; lower-bound gain=29087.074
cut_process,disaster_only_paper_like_exact_i5_k1_a1b1__improved,disaster_only_paper_like_exact_i5_k1_a1b1,disaster_only_paper_like_exact,paper_like_exact,smoke_only,max_iterations,5,5,46818.8099999954,29087.07384291861,23113.82481765002,0.0,5973.2490252685875,stop_reason=max_iterations; diagnosis=max_iter_noncert; non-certified run remains smoke_only; plan-changing cuts=3/4; alpha/lambda-only cuts=1/4; lower-bound gain=29087.074
cut_process,disaster_only_paper_like_exact_i20_k1_a1b1__baseline,disaster_only_paper_like_exact_i20_k1_a1b1,disaster_only_paper_like_exact,paper_like_exact,smoke_only,max_iterations,20,20,21273.049999997485,48296.08952088406,24061.523679079506,0.0,24234.56584180455,stop_reason=max_iterations; diagnosis=max_iter_noncert; non-certified run remains smoke_only; repeated outages=2; plan-changing cuts=18/19; alpha/lambda-only cuts=1/19; lower-bound gain=48296.090
cut_process,disaster_only_paper_like_exact_i20_k1_a1b1__improved,disaster_only_paper_like_exact_i20_k1_a1b1,disaster_only_paper_like_exact,paper_like_exact,smoke_only,max_iterations,20,20,21273.049999997485,48296.08952088406,24061.523679079506,0.0,24234.56584180455,stop_reason=max_iterations; diagnosis=max_iter_noncert; non-certified run remains smoke_only; repeated outages=2; plan-changing cuts=18/19; alpha/lambda-only cuts=1/19; lower-bound gain=48296.090
cut_process,disaster_only_paper_like_exact_i40_k1_a1b1__baseline,disaster_only_paper_like_exact_i40_k1_a1b1,disaster_only_paper_like_exact,paper_like_exact,exact,certified_exact,25,25,1.280568540096283e-09,48593.66117353786,25446.906551343287,0.0,23146.754622194574,stop_reason=certified_exact; diagnosis=exact_zero; repeated outages=4; plan-changing cuts=23/24; alpha/lambda-only cuts=1/24; lower-bound gain=48593.661
cut_process,disaster_only_paper_like_exact_i40_k1_a1b1__improved,disaster_only_paper_like_exact_i40_k1_a1b1,disaster_only_paper_like_exact,paper_like_exact,exact,certified_exact,25,25,1.280568540096283e-09,48593.66117353786,25446.906551343287,0.0,23146.754622194574,stop_reason=certified_exact; diagnosis=exact_zero; repeated outages=4; plan-changing cuts=23/24; alpha/lambda-only cuts=1/24; lower-bound gain=48593.661
cut_process,disaster_only_paper_like_exact_i5_k2_a1b1__baseline,disaster_only_paper_like_exact_i5_k2_a1b1,disaster_only_paper_like_exact,paper_like_exact,smoke_only,max_iterations,5,5,71546.45000003651,26823.693279902243,23113.82481765002,0.0,3709.868462252223,stop_reason=max_iterations; diagnosis=max_iter_noncert; non-certified run remains smoke_only; plan-changing cuts=3/4; alpha/lambda-only cuts=1/4; lower-bound gain=26823.693
cut_process,disaster_only_paper_like_exact_i5_k2_a1b1__improved,disaster_only_paper_like_exact_i5_k2_a1b1,disaster_only_paper_like_exact,paper_like_exact,smoke_only,max_iterations,5,5,71546.45000003651,26823.693279902243,23113.82481765002,0.0,3709.868462252223,stop_reason=max_iterations; diagnosis=max_iter_noncert; non-certified run remains smoke_only; plan-changing cuts=3/4; alpha/lambda-only cuts=1/4; lower-bound gain=26823.693
cut_process,disaster_only_paper_like_exact_i20_k2_a1b1__baseline,disaster_only_paper_like_exact_i20_k2_a1b1,disaster_only_paper_like_exact,paper_like_exact,smoke_only,max_iterations,20,20,35891.95999998739,44130.916698912304,26832.28942360707,0.0,17298.627275305236,stop_reason=max_iterations; diagnosis=max_iter_noncert; non-certified run remains smoke_only; repeated outages=1; plan-changing cuts=18/19; alpha/lambda-only cuts=1/19; lower-bound gain=44130.917
cut_process,disaster_only_paper_like_exact_i20_k2_a1b1__improved,disaster_only_paper_like_exact_i20_k2_a1b1,disaster_only_paper_like_exact,paper_like_exact,smoke_only,max_iterations,20,20,35891.95999998739,44130.916698912304,26832.28942360707,0.0,17298.627275305236,stop_reason=max_iterations; diagnosis=max_iter_noncert; non-certified run remains smoke_only; repeated outages=1; plan-changing cuts=18/19; alpha/lambda-only cuts=1/19; lower-bound gain=44130.917
cut_process,disaster_only_paper_like_exact_i40_k2_a1b1__baseline,disaster_only_paper_like_exact_i40_k2_a1b1,disaster_only_paper_like_exact,paper_like_exact,smoke_only,max_iterations,40,40,7636.459999999031,55144.17175855965,26832.28942360707,0.0,28311.882334952566,stop_reason=max_iterations; diagnosis=max_iter_noncert; non-certified run remains smoke_only; repeated outages=2; plan-changing cuts=38/39; alpha/lambda-only cuts=1/39; lower-bound gain=55144.172
cut_process,disaster_only_paper_like_exact_i40_k2_a1b1__improved,disaster_only_paper_like_exact_i40_k2_a1b1,disaster_only_paper_like_exact,paper_like_exact,smoke_only,max_iterations,40,40,7636.459999999031,55144.17175855965,26832.28942360707,0.0,28311.882334952566,stop_reason=max_iterations; diagnosis=max_iter_noncert; non-certified run remains smoke_only; repeated outages=2; plan-changing cuts=38/39; alpha/lambda-only cuts=1/39; lower-bound gain=55144.172
cut_process,integrated_runtime12_exact_i3_k3_a1234b1234__baseline,integrated_runtime12_exact_i3_k3_a1234b1234,integrated_runtime12_exact,runtime12_directional_exact,smoke_only,max_iterations,3,3,12863.407500000903,25167982.452270247,4264895.208537845,20902940.654416908,146.5893154516791,stop_reason=max_iterations; diagnosis=max_iter_noncert; non-certified run remains smoke_only; plan-changing cuts=2/2; alpha/lambda-only cuts=0/2; lower-bound gain=146.589
cut_process,integrated_runtime12_exact_i3_k3_a1234b1234__improved,integrated_runtime12_exact_i3_k3_a1234b1234,integrated_runtime12_exact,runtime12_directional_exact,smoke_only,max_iterations,3,3,12863.407500000903,25167982.452270247,4264895.208537845,20902940.654416908,146.5893154516791,stop_reason=max_iterations; diagnosis=max_iter_noncert; non-certified run remains smoke_only; plan-changing cuts=2/2; alpha/lambda-only cuts=0/2; lower-bound gain=146.589
