run_id,case_name,parameter_regime,validation_level,diagnosis_label,stop_reason,solver_status,epsilon_cert,max_iterations,A_selected,B_selected,K,iteration_count,cut_count,final_violation_upper_bound,sampled_problem_gap_bound,total_objective,construction_cost,weighted_normal_term,disaster_master_term,final_alpha,final_lambda_times_FP,total_runtime_sec,master_runtime_sec_total,separation_runtime_sec_total,dual_resolve_runtime_sec_total,generated_cut_count,selected_outage_trace,lower_bound_sequence,violation_sequence,cut_efficacy_sequence,repeated_outage_flag,repeated_cut_signature_flag,notes
normal_only_paper_like_direct_exact,normal_only_paper_like_direct_exact,paper_like_tableII,exact,exact_zero,direct_optimal,OPTIMAL,0.0,0,[1],[1],2,0,1,0.0,0.0,18793795.328542694,171760.06442104536,18622035.264121648,0.0,0.0,0.0,0.6253994169999999,0.6253994169999999,0.0,0.0,0,[],[],[],[],False,False,direct master baseline; no Benders separation or cut generation
integrated_paper_like_eps20000_i2_k2_a1b1,integrated_mainline,paper_like_tableII,epsilon_certified,epsilon_stop,certified_epsilon,OPTIMAL,20000.0,2,[1],[1],2,1,1,16575.030000000726,6000.0,13207087.728478337,171730.13627193242,13035357.592206404,0.0,0.0,0.0,2.053265916,1.4813912080000002,0.03660570899999982,0.0,0,"[[""line_03_23"",""line_06_07""]]",[13207087.728478337],[16575.030000000726],[],False,False,epsilon stop by design: final violation stayed nonzero but below epsilon_cert=20000.0; dominant runtime component: master-side
integrated_paper_like_eps10000_i5_k2_a1b1,integrated_mainline,paper_like_tableII,epsilon_certified,epsilon_stop,certified_epsilon,OPTIMAL,10000.0,5,[1],[1],2,5,5,6363.820000000065,3000.0,13207755.451746482,171730.13627193242,13035579.452562211,445.86291234010275,0.0,1486.2097078003426,9.318747250000001,6.441160456999999,0.17493616500000186,0.06242866700000249,4,"[[""line_03_23"",""line_06_07""],[""line_06_07"",""line_23_24""],[""line_03_23"",""line_23_24""],[""line_09_10"",""line_23_24""],[""line_10_11"",""line_20_21""]]","[13207087.728478337,13207359.479428086,13207411.323673146,13207577.359711245,13207755.451746482]","[16575.030000000726,13818.640000000712,13661.459999999963,19454.90000000014,6363.820000000065]","[{""alpha_lambda_only"":false,""cut_id"":""generated_cut_001"",""cut_signature"":""f080454ac6a433bf"",""iteration_id"":0,""old_master_violation"":16575.030000000144,""plan_changed"":true,""post_cut_master_objective_change"":271.7509497497231,""post_plan_signature"":[[3,25,7],[4,25,0],[5,25,2],[6,25,0],[9,25,0],[18,25,0],[19,25,10],[20,25,0],[25,25,0],[26,25,0],[27,25,0],[28,25,5],[29,25,0],[32,25,0],[33,11,0]],""pre_plan_signature"":[[3,25,6],[4,25,0],[5,25,3],[6,25,0],[9,25,0],[18,25,0],[19,25,10],[20,25,1],[25,21,0],[26,25,0],[27,25,0],[28,25,4],[29,25,0],[32,25,0],[33,15,0]]},{""alpha_lambda_only"":false,""cut_id"":""generated_cut_002"",""cut_signature"":""b97b5ccccfe77b00"",""iteration_id"":1,""old_master_violation"":13818.64000000013,""plan_changed"":true,""post_cut_master_objective_change"":51.8442450594157,""post_plan_signature"":[[3,25,7],[4,25,0],[5,25,2],[6,25,0],[9,25,0],[18,25,0],[19,25,10],[20,25,0],[25,24,0],[26,25,0],[27,25,0],[28,25,5],[29,25,0],[32,25,0],[33,12,0]],""pre_plan_signature"":[[3,25,7],[4,25,0],[5,25,2],[6,25,0],[9,25,0],[18,25,0],[19,25,10],[20,25,0],[25,25,0],[26,25,0],[27,25,0],[28,25,5],[29,25,0],[32,25,0],[33,11,0]]},{""alpha_lambda_only"":false,""cut_id"":""generated_cut_003"",""cut_signature"":""0bea39619e7c4853"",""iteration_id"":2,""old_master_violation"":15098.5,""plan_changed"":true,""post_cut_master_objective_change"":166.0360380988568,""post_plan_signature"":[[3,25,6],[4,25,0],[5,25,3],[6,25,0],[9,25,0],[18,25,0],[19,25,10],[20,25,1],[23,21,0],[26,25,0],[27,25,0],[28,25,4],[29,25,0],[32,25,0],[33,15,0]],""pre_plan_signature"":[[3,25,7],[4,25,0],[5,25,2],[6,25,0],[9,25,0],[18,25,0],[19,25,10],[20,25,0],[25,24,0],[26,25,0],[27,25,0],[28,25,5],[29,25,0],[32,25,0],[33,12,0]]},{""alpha_lambda_only"":false,""cut_id"":""generated_cut_004"",""cut_signature"":""50f6afb918dd09f0"",""iteration_id"":3,""old_master_violation"":19454.900000000023,""plan_changed"":true,""post_cut_master_objective_change"":178.09203523769975,""post_plan_signature"":[[3,25,4],[4,25,0],[5,25,2],[6,25,0],[9,25,0],[18,25,0],[19,25,10],[20,25,0],[25,25,3],[26,25,0],[27,25,0],[28,25,5],[29,25,0],[32,25,0],[33,11,0]],""pre_plan_signature"":[[3,25,6],[4,25,0],[5,25,3],[6,25,0],[9,25,0],[18,25,0],[19,25,10],[20,25,1],[23,21,0],[26,25,0],[27,25,0],[28,25,4],[29,25,0],[32,25,0],[33,15,0]]}]",False,False,epsilon stop by design: final violation stayed nonzero but below epsilon_cert=10000.0; lower-bound gain=667.723; violation drop=10211.210; dominant runtime component: master-side
integrated_paper_like_exact_i10_k2_a1b1,integrated_mainline,paper_like_tableII,smoke_only,max_iter_noncert,max_iterations,OPTIMAL,0.0,10,[1],[1],2,10,10,2818.310000000056,0.0,13208090.806477968,172089.27406128767,13035517.893568961,483.6388477161834,0.0,1612.129492387278,20.344125624999997,14.476603544000003,0.3026889569999902,0.1471356659999934,9,"[[""line_03_23"",""line_06_07""],[""line_06_07"",""line_23_24""],[""line_03_23"",""line_23_24""],[""line_09_10"",""line_23_24""],[""line_10_11"",""line_20_21""],[""line_20_21"",""line_29_30""],[""line_10_11"",""line_12_13""],[""line_20_21"",""line_23_24""],[""line_23_24"",""line_29_30""],[""line_03_23"",""line_21_22""]]","[13207087.728478337,13207359.479428086,13207411.323673146,13207577.359711245,13207755.451746482,13207949.73234796,13207970.181351777,13207984.145477295,13207994.037467338,13208090.806477968]","[16575.030000000726,13818.640000000712,13661.459999999963,19454.90000000014,6363.820000000065,7545.649999999441,5645.2799999965355,5810.820000000298,5076.080000000424,2818.310000000056]","[{""alpha_lambda_only"":false,""cut_id"":""generated_cut_001"",""cut_signature"":""f080454ac6a433bf"",""iteration_id"":0,""old_master_violation"":16575.030000000144,""plan_changed"":true,""post_cut_master_objective_change"":271.7509497497231,""post_plan_signature"":[[3,25,7],[4,25,0],[5,25,2],[6,25,0],[9,25,0],[18,25,0],[19,25,10],[20,25,0],[25,25,0],[26,25,0],[27,25,0],[28,25,5],[29,25,0],[32,25,0],[33,11,0]],""pre_plan_signature"":[[3,25,6],[4,25,0],[5,25,3],[6,25,0],[9,25,0],[18,25,0],[19,25,10],[20,25,1],[25,21,0],[26,25,0],[27,25,0],[28,25,4],[29,25,0],[32,25,0],[33,15,0]]},{""alpha_lambda_only"":false,""cut_id"":""generated_cut_002"",""cut_signature"":""b97b5ccccfe77b00"",""iteration_id"":1,""old_master_violation"":13818.64000000013,""plan_changed"":true,""post_cut_master_objective_change"":51.8442450594157,""post_plan_signature"":[[3,25,7],[4,25,0],[5,25,2],[6,25,0],[9,25,0],[18,25,0],[19,25,10],[20,25,0],[25,24,0],[26,25,0],[27,25,0],[28,25,5],[29,25,0],[32,25,0],[33,12,0]],""pre_plan_signature"":[[3,25,7],[4,25,0],[5,25,2],[6,25,0],[9,25,0],[18,25,0],[19,25,10],[20,25,0],[25,25,0],[26,25,0],[27,25,0],[28,25,5],[29,25,0],[32,25,0],[33,11,0]]},{""alpha_lambda_only"":false,""cut_id"":""generated_cut_003"",""cut_signature"":""0bea39619e7c4853"",""iteration_id"":2,""old_master_violation"":15098.5,""plan_changed"":true,""post_cut_master_objective_change"":166.0360380988568,""post_plan_signature"":[[3,25,6],[4,25,0],[5,25,3],[6,25,0],[9,25,0],[18,25,0],[19,25,10],[20,25,1],[23,21,0],[26,25,0],[27,25,0],[28,25,4],[29,25,0],[32,25,0],[33,15,0]],""pre_plan_signature"":[[3,25,7],[4,25,0],[5,25,2],[6,25,0],[9,25,0],[18,25,0],[19,25,10],[20,25,0],[25,24,0],[26,25,0],[27,25,0],[28,25,5],[29,25,0],[32,25,0],[33,12,0]]},{""alpha_lambda_only"":false,""cut_id"":""generated_cut_004"",""cut_signature"":""50f6afb918dd09f0"",""iteration_id"":3,""old_master_violation"":19454.900000000023,""plan_changed"":true,""post_cut_master_objective_change"":178.09203523769975,""post_plan_signature"":[[3,25,4],[4,25,0],[5,25,2],[6,25,0],[9,25,0],[18,25,0],[19,25,10],[20,25,0],[25,25,3],[26,25,0],[27,25,0],[28,25,5],[29,25,0],[32,25,0],[33,11,0]],""pre_plan_signature"":[[3,25,6],[4,25,0],[5,25,3],[6,25,0],[9,25,0],[18,25,0],[19,25,10],[20,25,1],[23,21,0],[26,25,0],[27,25,0],[28,25,4],[29,25,0],[32,25,0],[33,15,0]]},{""alpha_lambda_only"":false,""cut_id"":""generated_cut_005"",""cut_signature"":""9b34830e34588959"",""iteration_id"":4,""old_master_violation"":6363.820000000065,""plan_changed"":true,""post_cut_master_objective_change"":194.28060147725046,""post_plan_signature"":[[3,25,2],[4,25,0],[5,25,6],[9,25,0],[17,25,0],[18,25,0],[19,25,10],[20,25,5],[23,25,0],[25,25,0],[26,25,1],[27,25,0],[28,25,0],[29,25,0],[32,25,0]],""pre_plan_signature"":[[3,25,4],[4,25,0],[5,25,2],[6,25,0],[9,25,0],[18,25,0],[19,25,10],[20,25,0],[25,25,3],[26,25,0],[27,25,0],[28,25,5],[29,25,0],[32,25,0],[33,11,0]]},{""alpha_lambda_only"":false,""cut_id"":""generated_cut_006"",""cut_signature"":""cf5e4b53c7b4c3f5"",""iteration_id"":5,""old_master_violation"":7545.65000000014,""plan_changed"":true,""post_cut_master_objective_change"":20.449003817513585,""post_plan_signature"":[[3,25,4],[4,25,0],[5,25,2],[6,25,0],[9,25,0],[18,25,0],[19,25,10],[20,25,0],[25,25,3],[26,25,0],[27,25,0],[28,25,5],[29,25,0],[32,25,0],[33,11,0]],""pre_plan_signature"":[[3,25,2],[4,25,0],[5,25,6],[9,25,0],[17,25,0],[18,25,0],[19,25,10],[20,25,5],[23,25,0],[25,25,0],[26,25,1],[27,25,0],[28,25,0],[29,25,0],[32,25,0]]},{""alpha_lambda_only"":false,""cut_id"":""generated_cut_007"",""cut_signature"":""a8342697d32afe67"",""iteration_id"":6,""old_master_violation"":6363.799999998882,""plan_changed"":true,""post_cut_master_objective_change"":13.964125517755747,""post_plan_signature"":[[3,25,3],[4,25,0],[5,25,2],[6,25,0],[9,25,1],[18,25,0],[19,25,10],[20,25,0],[25,24,4],[26,25,0],[27,25,0],[28,25,4],[29,24,0],[32,25,0],[33,14,0]],""pre_plan_signature"":[[3,25,4],[4,25,0],[5,25,2],[6,25,0],[9,25,0],[18,25,0],[19,25,10],[20,25,0],[25,25,3],[26,25,0],[27,25,0],[28,25,5],[29,25,0],[32,25,0],[33,11,0]]},{""alpha_lambda_only"":false,""cut_id"":""generated_cut_008"",""cut_signature"":""bd4de226f9f8ff4c"",""iteration_id"":7,""old_master_violation"":5810.820000000182,""plan_changed"":true,""post_cut_master_objective_change"":9.891990043222904,""post_plan_signature"":[[3,25,1],[4,25,0],[5,25,6],[9,25,0],[17,24,0],[18,25,0],[19,25,10],[20,25,5],[23,25,0],[25,25,1],[26,25,0],[27,25,0],[28,25,1],[29,25,0],[32,25,0]],""pre_plan_signature"":[[3,25,3],[4,25,0],[5,25,2],[6,25,0],[9,25,1],[18,25,0],[19,25,10],[20,25,0],[25,24,4],[26,25,0],[27,25,0],[28,25,4],[29,24,0],[32,25,0],[33,14,0]]},{""alpha_lambda_only"":false,""cut_id"":""generated_cut_009"",""cut_signature"":""de9d8cea78e076bc"",""iteration_id"":8,""old_master_violation"":5076.080000000191,""plan_changed"":true,""post_cut_master_objective_change"":96.76901062950492,""post_plan_signature"":[[3,25,2],[4,25,0],[5,25,4],[9,25,0],[17,23,0],[18,25,0],[19,25,10],[20,25,5],[23,25,0],[25,25,1],[26,25,0],[27,25,0],[28,25,2],[29,25,0],[32,25,0]],""pre_plan_signature"":[[3,25,1],[4,25,0],[5,25,6],[9,25,0],[17,24,0],[18,25,0],[19,25,10],[20,25,5],[23,25,0],[25,25,1],[26,25,0],[27,25,0],[28,25,1],[29,25,0],[32,25,0]]}]",False,False,true non-certification under enlarged iteration budget; lower-bound gain=1003.078; violation drop=13756.720; dominant runtime component: master-side; smoke_only result should not be promoted beyond directional diagnosis
integrated_paper_like_exact_i20_k2_a1b1,integrated_mainline,paper_like_tableII,smoke_only,max_iter_noncert,max_iterations,OPTIMAL,0.0,20,[1],[1],2,20,20,3747.1099999961443,0.0,13208261.311175572,171730.13627193242,13035579.452562211,951.7223414290767,0.0,3172.407804763589,42.902717541,30.86655774800002,0.6228271660000075,0.3530587949999955,19,"[[""line_03_23"",""line_06_07""],[""line_06_07"",""line_23_24""],[""line_03_23"",""line_23_24""],[""line_09_10"",""line_23_24""],[""line_10_11"",""line_20_21""],[""line_20_21"",""line_29_30""],[""line_10_11"",""line_12_13""],[""line_20_21"",""line_23_24""],[""line_23_24"",""line_29_30""],[""line_03_23"",""line_21_22""],[""line_21_22"",""line_32_33""],[""line_06_07"",""line_20_21""],[""line_03_23"",""line_32_33""],[""line_06_07"",""line_30_31""],[""line_09_10"",""line_12_13""],[""line_30_31""],[""line_07_08"",""line_21_22""],[""line_06_07"",""line_28_29""],[""line_03_23"",""line_21_22""],[""line_10_11"",""line_11_12""]]","[13207087.728478337,13207359.479428086,13207411.323673146,13207577.359711245,13207755.451746482,13207949.73234796,13207970.181351777,13207984.145477295,13207994.037467338,13208090.806477968,13208102.030850815,13208121.870496642,13208107.36335834,13208187.337847754,13208165.125689022,13208170.892143637,13208180.706135176,13208217.315205103,13208227.334829977,13208261.311175572]","[16575.030000000726,13818.640000000712,13661.459999999963,19454.90000000014,6363.820000000065,7545.649999999441,5645.2799999965355,5810.820000000298,5076.080000000424,2818.310000000056,2727.30999999959,4363.919999998994,2181.8400000005495,1218.9200000001001,5633.989999996033,709.9000000000815,2255.3499999998603,466.2600000000966,571.0500000000466,3747.1099999961443]","[{""alpha_lambda_only"":false,""cut_id"":""generated_cut_001"",""cut_signature"":""f080454ac6a433bf"",""iteration_id"":0,""old_master_violation"":16575.030000000144,""plan_changed"":true,""post_cut_master_objective_change"":271.7509497497231,""post_plan_signature"":[[3,25,7],[4,25,0],[5,25,2],[6,25,0],[9,25,0],[18,25,0],[19,25,10],[20,25,0],[25,25,0],[26,25,0],[27,25,0],[28,25,5],[29,25,0],[32,25,0],[33,11,0]],""pre_plan_signature"":[[3,25,6],[4,25,0],[5,25,3],[6,25,0],[9,25,0],[18,25,0],[19,25,10],[20,25,1],[25,21,0],[26,25,0],[27,25,0],[28,25,4],[29,25,0],[32,25,0],[33,15,0]]},{""alpha_lambda_only"":false,""cut_id"":""generated_cut_002"",""cut_signature"":""b97b5ccccfe77b00"",""iteration_id"":1,""old_master_violation"":13818.64000000013,""plan_changed"":true,""post_cut_master_objective_change"":51.8442450594157,""post_plan_signature"":[[3,25,7],[4,25,0],[5,25,2],[6,25,0],[9,25,0],[18,25,0],[19,25,10],[20,25,0],[25,24,0],[26,25,0],[27,25,0],[28,25,5],[29,25,0],[32,25,0],[33,12,0]],""pre_plan_signature"":[[3,25,7],[4,25,0],[5,25,2],[6,25,0],[9,25,0],[18,25,0],[19,25,10],[20,25,0],[25,25,0],[26,25,0],[27,25,0],[28,25,5],[29,25,0],[32,25,0],[33,11,0]]},{""alpha_lambda_only"":false,""cut_id"":""generated_cut_003"",""cut_signature"":""0bea39619e7c4853"",""iteration_id"":2,""old_master_violation"":15098.5,""plan_changed"":true,""post_cut_master_objective_change"":166.0360380988568,""post_plan_signature"":[[3,25,6],[4,25,0],[5,25,3],[6,25,0],[9,25,0],[18,25,0],[19,25,10],[20,25,1],[23,21,0],[26,25,0],[27,25,0],[28,25,4],[29,25,0],[32,25,0],[33,15,0]],""pre_plan_signature"":[[3,25,7],[4,25,0],[5,25,2],[6,25,0],[9,25,0],[18,25,0],[19,25,10],[20,25,0],[25,24,0],[26,25,0],[27,25,0],[28,25,5],[29,25,0],[32,25,0],[33,12,0]]},{""alpha_lambda_only"":false,""cut_id"":""generated_cut_004"",""cut_signature"":""50f6afb918dd09f0"",""iteration_id"":3,""old_master_violation"":19454.900000000023,""plan_changed"":true,""post_cut_master_objective_change"":178.09203523769975,""post_plan_signature"":[[3,25,4],[4,25,0],[5,25,2],[6,25,0],[9,25,0],[18,25,0],[19,25,10],[20,25,0],[25,25,3],[26,25,0],[27,25,0],[28,25,5],[29,25,0],[32,25,0],[33,11,0]],""pre_plan_signature"":[[3,25,6],[4,25,0],[5,25,3],[6,25,0],[9,25,0],[18,25,0],[19,25,10],[20,25,1],[23,21,0],[26,25,0],[27,25,0],[28,25,4],[29,25,0],[32,25,0],[33,15,0]]},{""alpha_lambda_only"":false,""cut_id"":""generated_cut_005"",""cut_signature"":""9b34830e34588959"",""iteration_id"":4,""old_master_violation"":6363.820000000065,""plan_changed"":true,""post_cut_master_objective_change"":194.28060147725046,""post_plan_signature"":[[3,25,2],[4,25,0],[5,25,6],[9,25,0],[17,25,0],[18,25,0],[19,25,10],[20,25,5],[23,25,0],[25,25,0],[26,25,1],[27,25,0],[28,25,0],[29,25,0],[32,25,0]],""pre_plan_signature"":[[3,25,4],[4,25,0],[5,25,2],[6,25,0],[9,25,0],[18,25,0],[19,25,10],[20,25,0],[25,25,3],[26,25,0],[27,25,0],[28,25,5],[29,25,0],[32,25,0],[33,11,0]]},{""alpha_lambda_only"":false,""cut_id"":""generated_cut_006"",""cut_signature"":""cf5e4b53c7b4c3f5"",""iteration_id"":5,""old_master_violation"":7545.65000000014,""plan_changed"":true,""post_cut_master_objective_change"":20.449003817513585,""post_plan_signature"":[[3,25,4],[4,25,0],[5,25,2],[6,25,0],[9,25,0],[18,25,0],[19,25,10],[20,25,0],[25,25,3],[26,25,0],[27,25,0],[28,25,5],[29,25,0],[32,25,0],[33,11,0]],""pre_plan_signature"":[[3,25,2],[4,25,0],[5,25,6],[9,25,0],[17,25,0],[18,25,0],[19,25,10],[20,25,5],[23,25,0],[25,25,0],[26,25,1],[27,25,0],[28,25,0],[29,25,0],[32,25,0]]},{""alpha_lambda_only"":false,""cut_id"":""generated_cut_007"",""cut_signature"":""a8342697d32afe67"",""iteration_id"":6,""old_master_violation"":6363.799999998882,""plan_changed"":true,""post_cut_master_objective_change"":13.964125517755747,""post_plan_signature"":[[3,25,3],[4,25,0],[5,25,2],[6,25,0],[9,25,1],[18,25,0],[19,25,10],[20,25,0],[25,24,4],[26,25,0],[27,25,0],[28,25,4],[29,24,0],[32,25,0],[33,14,0]],""pre_plan_signature"":[[3,25,4],[4,25,0],[5,25,2],[6,25,0],[9,25,0],[18,25,0],[19,25,10],[20,25,0],[25,25,3],[26,25,0],[27,25,0],[28,25,5],[29,25,0],[32,25,0],[33,11,0]]},{""alpha_lambda_only"":false,""cut_id"":""generated_cut_008"",""cut_signature"":""bd4de226f9f8ff4c"",""iteration_id"":7,""old_master_violation"":5810.820000000182,""plan_changed"":true,""post_cut_master_objective_change"":9.891990043222904,""post_plan_signature"":[[3,25,1],[4,25,0],[5,25,6],[9,25,0],[17,24,0],[18,25,0],[19,25,10],[20,25,5],[23,25,0],[25,25,1],[26,25,0],[27,25,0],[28,25,1],[29,25,0],[32,25,0]],""pre_plan_signature"":[[3,25,3],[4,25,0],[5,25,2],[6,25,0],[9,25,1],[18,25,0],[19,25,10],[20,25,0],[25,24,4],[26,25,0],[27,25,0],[28,25,4],[29,24,0],[32,25,0],[33,14,0]]},{""alpha_lambda_only"":false,""cut_id"":""generated_cut_009"",""cut_signature"":""de9d8cea78e076bc"",""iteration_id"":8,""old_master_violation"":5076.080000000191,""plan_changed"":true,""post_cut_master_objective_change"":96.76901062950492,""post_plan_signature"":[[3,25,2],[4,25,0],[5,25,4],[9,25,0],[17,23,0],[18,25,0],[19,25,10],[20,25,5],[23,25,0],[25,25,1],[26,25,0],[27,25,0],[28,25,2],[29,25,0],[32,25,0]],""pre_plan_signature"":[[3,25,1],[4,25,0],[5,25,6],[9,25,0],[17,24,0],[18,25,0],[19,25,10],[20,25,5],[23,25,0],[25,25,1],[26,25,0],[27,25,0],[28,25,1],[29,25,0],[32,25,0]]},{""alpha_lambda_only"":false,""cut_id"":""generated_cut_010"",""cut_signature"":""b5dfe75161c0d4b0"",""iteration_id"":9,""old_master_violation"":2818.30999999959,""plan_changed"":true,""post_cut_master_objective_change"":11.224372847005725,""post_plan_signature"":[[3,25,0],[4,25,0],[5,25,5],[9,25,0],[17,24,0],[18,25,0],[19,25,10],[20,25,6],[23,25,0],[25,25,1],[26,25,0],[27,25,0],[28,25,2],[29,25,0],[32,25,0]],""pre_plan_signature"":[[3,25,2],[4,25,0],[5,25,4],[9,25,0],[17,23,0],[18,25,0],[19,25,10],[20,25,5],[23,25,0],[25,25,1],[26,25,0],[27,25,0],[28,25,2],[29,25,0],[32,25,0]]},{""alpha_lambda_only"":false,""cut_id"":""generated_cut_011"",""cut_signature"":""ca53602bdb6ddc04"",""iteration_id"":10,""old_master_violation"":2727.310000000056,""plan_changed"":true,""post_cut_master_objective_change"":19.839645827189088,""post_plan_signature"":[[3,25,4],[4,25,0],[5,25,3],[6,25,0],[9,25,0],[18,25,1],[19,25,10],[20,25,0],[25,23,3],[26,25,0],[27,25,0],[28,25,3],[29,25,0],[32,25,0],[33,16,0]],""pre_plan_signature"":[[3,25,0],[4,25,0],[5,25,5],[9,25,0],[17,24,0],[18,25,0],[19,25,10],[20,25,6],[23,25,0],[25,25,1],[26,25,0],[27,25,0],[28,25,2],[29,25,0],[32,25,0]]},{""alpha_lambda_only"":false,""cut_id"":""generated_cut_012"",""cut_signature"":""0ffb497d18c7a3bb"",""iteration_id"":11,""old_master_violation"":4363.919999999693,""plan_changed"":true,""post_cut_master_objective_change"":-14.50713830254972,""post_plan_signature"":[[3,25,0],[4,25,0],[5,25,5],[9,25,0],[17,24,0],[18,25,0],[19,25,10],[20,25,6],[23,25,0],[25,25,1],[26,25,0],[27,25,0],[28,25,2],[29,25,0],[32,25,0]],""pre_plan_signature"":[[3,25,4],[4,25,0],[5,25,3],[6,25,0],[9,25,0],[18,25,1],[19,25,10],[20,25,0],[25,23,3],[26,25,0],[27,25,0],[28,25,3],[29,25,0],[32,25,0],[33,16,0]]},{""alpha_lambda_only"":false,""cut_id"":""generated_cut_013"",""cut_signature"":""c7eec453b3f6f3e9"",""iteration_id"":12,""old_master_violation"":2181.840000000084,""plan_changed"":true,""post_cut_master_objective_change"":79.97448941506445,""post_plan_signature"":[[3,25,3],[4,25,0],[5,25,5],[9,25,0],[17,22,0],[18,25,0],[19,25,10],[20,25,4],[23,25,0],[25,25,1],[26,25,0],[27,25,0],[28,25,1],[29,25,0],[32,25,0]],""pre_plan_signature"":[[3,25,0],[4,25,0],[5,25,5],[9,25,0],[17,24,0],[18,25,0],[19,25,10],[20,25,6],[23,25,0],[25,25,1],[26,25,0],[27,25,0],[28,25,2],[29,25,0],[32,25,0]]},{""alpha_lambda_only"":false,""cut_id"":""generated_cut_014"",""cut_signature"":""ee073e18eaabbda3"",""iteration_id"":13,""old_master_violation"":1218.9199999998673,""plan_changed"":true,""post_cut_master_objective_change"":-22.212158732116222,""post_plan_signature"":[[3,25,4],[4,25,0],[5,25,2],[6,25,0],[9,25,0],[18,25,0],[19,25,10],[20,25,0],[25,25,3],[26,25,0],[27,25,0],[28,25,5],[29,25,0],[32,25,0],[33,11,0]],""pre_plan_signature"":[[3,25,3],[4,25,0],[5,25,5],[9,25,0],[17,22,0],[18,25,0],[19,25,10],[20,25,4],[23,25,0],[25,25,1],[26,25,0],[27,25,0],[28,25,1],[29,25,0],[32,25,0]]},{""alpha_lambda_only"":false,""cut_id"":""generated_cut_015"",""cut_signature"":""16d636eb63220abb"",""iteration_id"":14,""old_master_violation"":6352.5099999983795,""plan_changed"":true,""post_cut_master_objective_change"":5.766454614698887,""post_plan_signature"":[[3,25,0],[4,25,0],[5,25,5],[9,25,0],[17,25,0],[18,25,0],[19,25,10],[20,25,6],[23,25,0],[25,25,1],[26,25,0],[27,25,0],[28,25,2],[29,25,0],[32,25,0]],""pre_plan_signature"":[[3,25,4],[4,25,0],[5,25,2],[6,25,0],[9,25,0],[18,25,0],[19,25,10],[20,25,0],[25,25,3],[26,25,0],[27,25,0],[28,25,5],[29,25,0],[32,25,0],[33,11,0]]},{""alpha_lambda_only"":false,""cut_id"":""generated_cut_016"",""cut_signature"":""1495a610d276c625"",""iteration_id"":15,""old_master_violation"":709.9000000000233,""plan_changed"":true,""post_cut_master_objective_change"":9.813991539180279,""post_plan_signature"":[[3,25,4],[4,25,0],[5,25,2],[6,25,0],[9,25,0],[18,25,1],[19,25,10],[20,25,1],[25,25,2],[26,25,0],[27,25,0],[28,25,4],[29,24,0],[32,25,0],[33,15,0]],""pre_plan_signature"":[[3,25,0],[4,25,0],[5,25,5],[9,25,0],[17,25,0],[18,25,0],[19,25,10],[20,25,6],[23,25,0],[25,25,1],[26,25,0],[27,25,0],[28,25,2],[29,25,0],[32,25,0]]},{""alpha_lambda_only"":false,""cut_id"":""generated_cut_017"",""cut_signature"":""1923260aa9f2b0d4"",""iteration_id"":16,""old_master_violation"":2255.3499999998603,""plan_changed"":true,""post_cut_master_objective_change"":36.60906992666423,""post_plan_signature"":[[3,25,2],[4,25,0],[5,25,6],[9,25,0],[17,25,0],[18,25,0],[19,25,10],[20,25,4],[23,25,0],[25,25,1],[26,25,0],[27,25,0],[28,25,1],[29,25,0],[32,25,0]],""pre_plan_signature"":[[3,25,4],[4,25,0],[5,25,2],[6,25,0],[9,25,0],[18,25,1],[19,25,10],[20,25,1],[25,25,2],[26,25,0],[27,25,0],[28,25,4],[29,24,0],[32,25,0],[33,15,0]]},{""alpha_lambda_only"":false,""cut_id"":""generated_cut_018"",""cut_signature"":""5ce5d1ebbccacb69"",""iteration_id"":17,""old_master_violation"":466.26000000015483,""plan_changed"":true,""post_cut_master_objective_change"":10.019624873995781,""post_plan_signature"":[[3,25,1],[4,25,0],[5,25,6],[9,25,0],[17,25,0],[18,25,0],[19,25,10],[20,25,4],[23,25,0],[25,25,2],[26,25,0],[27,25,0],[28,25,1],[29,25,0],[32,25,0]],""pre_plan_signature"":[[3,25,2],[4,25,0],[5,25,6],[9,25,0],[17,25,0],[18,25,0],[19,25,10],[20,25,4],[23,25,0],[25,25,1],[26,25,0],[27,25,0],[28,25,1],[29,25,0],[32,25,0]]},{""alpha_lambda_only"":false,""cut_id"":""generated_cut_019"",""cut_signature"":""a04be5b9ba7d3930"",""iteration_id"":18,""old_master_violation"":571.0499999999884,""plan_changed"":true,""post_cut_master_objective_change"":33.97634559497237,""post_plan_signature"":[[3,25,4],[4,25,0],[5,25,2],[6,25,0],[9,25,0],[18,25,0],[19,25,10],[20,25,0],[25,25,3],[26,25,0],[27,25,0],[28,25,5],[29,25,0],[32,25,0],[33,11,0]],""pre_plan_signature"":[[3,25,1],[4,25,0],[5,25,6],[9,25,0],[17,25,0],[18,25,0],[19,25,10],[20,25,4],[23,25,0],[25,25,2],[26,25,0],[27,25,0],[28,25,1],[29,25,0],[32,25,0]]}]",True,False,true non-certification under enlarged iteration budget; lower-bound gain=1173.583; violation drop=12827.920; dominant runtime component: master-side; repeated outage pattern observed; smoke_only result should not be promoted beyond directional diagnosis
integrated_runtime12_exact_i2_k2_a12b12,integrated_mainline,runtime12_directional,smoke_only,max_iter_noncert,max_iterations,OPTIMAL,0.0,2,"[1,2]","[1,2]",2,2,2,10529.50500000018,0.0,24916798.832808632,4410273.923833655,20506437.556191694,87.35278330225373,0.0,873.5278330225372,5.283412333000001,2.980576458999991,0.08485054199999809,0.033113333000017064,1,"[[""line_06_07"",""line_23_24""],[""line_23_24"",""line_29_30""]]","[24916711.48002533,24916798.832808632]","[12987.680000000284,10529.50500000018]","[{""alpha_lambda_only"":true,""cut_id"":""generated_cut_001"",""cut_signature"":""a525c4752f9e6df4"",""iteration_id"":0,""old_master_violation"":12987.680000000168,""plan_changed"":false,""post_cut_master_objective_change"":87.35278330370784,""post_plan_signature"":[[3,20,2],[4,20,0],[5,20,4],[6,20,0],[9,20,0],[17,20,0],[18,20,0],[19,20,10],[20,20,5],[22,20,1],[23,20,0],[25,20,0],[26,20,0],[27,20,0],[28,20,2],[29,20,0],[32,20,0],[33,20,0]],""pre_plan_signature"":[[3,20,2],[4,20,0],[5,20,4],[6,20,0],[9,20,0],[17,20,0],[18,20,0],[19,20,10],[20,20,5],[22,20,1],[23,20,0],[25,20,0],[26,20,0],[27,20,0],[28,20,2],[29,20,0],[32,20,0],[33,20,0]]}]",False,False,intentionally bounded smoke run with low iteration budget; lower-bound gain=87.353; violation drop=2458.175; dominant runtime component: master-side; smoke_only result should not be promoted beyond directional diagnosis
integrated_runtime12_exact_i2_k1_a1234b1234,integrated_mainline,runtime12_directional,smoke_only,max_iter_noncert,max_iterations,OPTIMAL,0.0,2,"[1,2,3,4]","[1,2,3,4]",1,2,2,10492.675000000047,0.0,25169160.071633365,4264895.208537845,20904195.48599902,69.3770964947454,0.0,693.770964947454,11.760968624999975,6.99113324999999,0.15444366699998113,0.060710000000000264,1,"[[""line_03_23""],[""line_23_24""]]","[25167835.86295482,25169160.071633365]","[12216.890000000101,10492.675000000047]","[{""alpha_lambda_only"":false,""cut_id"":""generated_cut_001"",""cut_signature"":""71a93b85d7bb2e1b"",""iteration_id"":0,""old_master_violation"":12216.890000000014,""plan_changed"":true,""post_cut_master_objective_change"":1324.2086785435677,""post_plan_signature"":[[3,20,5],[4,20,0],[5,20,2],[6,20,0],[9,20,0],[17,20,0],[18,20,0],[19,20,10],[20,20,10],[22,20,9],[25,20,0],[26,20,0],[27,20,0],[28,20,5],[29,20,0],[32,20,0],[33,20,0]],""pre_plan_signature"":[[3,20,5],[4,20,0],[5,20,1],[6,20,0],[9,20,0],[17,20,0],[18,20,0],[19,20,10],[20,20,10],[22,20,10],[25,20,0],[26,20,0],[27,20,0],[28,20,5],[29,20,0],[32,20,0],[33,20,0]]}]",False,False,intentionally bounded smoke run with low iteration budget; lower-bound gain=1324.209; violation drop=1724.215; dominant runtime component: master-side; smoke_only result should not be promoted beyond directional diagnosis
integrated_runtime12_exact_i2_k3_a1234b1234,integrated_mainline,runtime12_directional,smoke_only,max_iter_noncert,max_iterations,OPTIMAL,0.0,2,"[1,2,3,4]","[1,2,3,4]",3,2,2,15217.614999999438,0.0,25168867.376502637,4264895.208537845,20903842.07511204,130.09285271837186,0.0,1300.9285271837184,11.594985124999994,6.86083658299998,0.17178654200000665,0.06141229099998213,1,"[[""line_03_23"",""line_06_07"",""line_24_25""],[""line_06_07"",""line_11_12"",""line_23_24""]]","[25167835.86295482,25168867.376502637]","[22908.570000001113,15217.614999999438]","[{""alpha_lambda_only"":false,""cut_id"":""generated_cut_001"",""cut_signature"":""cb0ca047f8759330"",""iteration_id"":0,""old_master_violation"":22908.569999999367,""plan_changed"":true,""post_cut_master_objective_change"":1031.5135478153825,""post_plan_signature"":[[3,20,4],[4,20,0],[5,20,1],[6,20,0],[9,20,0],[17,20,0],[18,20,0],[19,20,10],[20,20,10],[22,20,10],[25,20,0],[26,20,0],[27,20,0],[28,20,6],[29,20,0],[32,20,0],[33,20,0]],""pre_plan_signature"":[[3,20,5],[4,20,0],[5,20,1],[6,20,0],[9,20,0],[17,20,0],[18,20,0],[19,20,10],[20,20,10],[22,20,10],[25,20,0],[26,20,0],[27,20,0],[28,20,5],[29,20,0],[32,20,0],[33,20,0]]}]",False,False,intentionally bounded smoke run with low iteration budget; lower-bound gain=1031.514; violation drop=7690.955; dominant runtime component: master-side; smoke_only result should not be promoted beyond directional diagnosis
deterministic_paper_like_eps20000_i2_k2_a1b1,deterministic_mean_value,paper_like_tableII,epsilon_certified,epsilon_stop,certified_epsilon,OPTIMAL,20000.0,2,[1],[1],2,1,1,16575.030000000726,6000.0,13207087.728478337,171730.13627193242,13035357.592206404,0.0,0.0,0.0,1.8756371670000078,1.2911278750000008,0.0370479160000059,0.0,0,"[[""line_03_23"",""line_06_07""]]",[13207087.728478337],[16575.030000000726],[],False,False,epsilon stop by design: final violation stayed nonzero but below epsilon_cert=20000.0; dominant runtime component: master-side
deterministic_runtime12_exact_i2_k2_a12b12,deterministic_mean_value,runtime12_directional,smoke_only,max_iter_noncert,max_iterations,OPTIMAL,0.0,2,[1],[1],2,2,2,12987.68000000075,0.0,24858124.365097396,4183374.4336056146,20674646.360838365,103.5706534132272,0.0,1035.706534132272,2.6659544169999947,1.5169122089999973,0.04635433300001068,0.01630112499998404,1,"[[""line_03_23"",""line_24_25""],[""line_06_07"",""line_23_24""]]","[24858147.410983786,24858124.365097396]","[16777.62999999989,12987.68000000075]","[{""alpha_lambda_only"":false,""cut_id"":""generated_cut_001"",""cut_signature"":""05a342580c857cf5"",""iteration_id"":0,""old_master_violation"":18238.169999999925,""plan_changed"":true,""post_cut_master_objective_change"":-23.045886389911175,""post_plan_signature"":[[3,20,0],[4,20,0],[5,20,3],[6,20,0],[9,20,0],[17,20,0],[18,20,0],[19,20,10],[20,20,6],[22,20,4],[25,20,0],[26,20,0],[27,20,0],[28,20,3],[29,20,0],[32,20,0],[33,20,0]],""pre_plan_signature"":[[3,20,0],[4,20,0],[5,20,4],[6,20,0],[9,20,0],[17,20,0],[18,20,0],[19,20,10],[20,20,6],[22,20,3],[25,20,0],[26,20,0],[27,20,0],[28,20,2],[29,20,0],[32,20,0],[33,20,0]]}]",False,False,intentionally bounded smoke run with low iteration budget; lower-bound gain=-23.046; violation drop=3789.950; dominant runtime component: master-side; smoke_only result should not be promoted beyond directional diagnosis
disaster_only_paper_like_exact_i5_k1_a1b1,disaster_only,paper_like_tableII,smoke_only,max_iter_noncert,max_iterations,OPTIMAL,0.0,5,[1],[1],1,5,5,46818.8099999954,0.0,29087.07384291861,23113.82481765002,0.0,5973.2490252685875,0.0,5973.2490252685875,4.021833291000007,1.091355290999985,0.15188487400001804,0.06490858300000468,4,"[[""line_01_02""],[""line_02_03""],[""line_06_07""],[""line_06_26""],[""line_07_08""]]","[0.0,23625.851866569337,25693.547132122254,25693.547132122254,29087.07384291861]","[151547.57999999914,129365.40999999922,50455.21999999508,45091.52999999747,46818.8099999954]","[{""alpha_lambda_only"":true,""cut_id"":""generated_cut_001"",""cut_signature"":""04284b1dfaca16a8"",""iteration_id"":0,""old_master_violation"":151547.58000000287,""plan_changed"":false,""post_cut_master_objective_change"":23625.851866569337,""post_plan_signature"":[],""pre_plan_signature"":[]},{""alpha_lambda_only"":false,""cut_id"":""generated_cut_002"",""cut_signature"":""240ff0161476698e"",""iteration_id"":1,""old_master_violation"":129365.41000000201,""plan_changed"":true,""post_cut_master_objective_change"":2067.6952655529167,""post_plan_signature"":[[30,25,10]],""pre_plan_signature"":[]},{""alpha_lambda_only"":false,""cut_id"":""generated_cut_003"",""cut_signature"":""4525023f49fa1ccd"",""iteration_id"":2,""old_master_violation"":50455.2200000009,""plan_changed"":true,""post_cut_master_objective_change"":0.0,""post_plan_signature"":[[8,25,10]],""pre_plan_signature"":[[30,25,10]]},{""alpha_lambda_only"":false,""cut_id"":""generated_cut_004"",""cut_signature"":""b4337d3cdfd5f526"",""iteration_id"":3,""old_master_violation"":45091.53000000003,""plan_changed"":true,""post_cut_master_objective_change"":3393.5267107963555,""post_plan_signature"":[[33,25,10]],""pre_plan_signature"":[[8,25,10]]}]",False,False,true non-certification under enlarged iteration budget; lower-bound gain=29087.074; violation drop=104728.770; dominant runtime component: master-side; smoke_only result should not be promoted beyond directional diagnosis
disaster_only_paper_like_exact_i20_k2_a1b1,disaster_only,paper_like_tableII,smoke_only,max_iter_noncert,max_iterations,OPTIMAL,0.0,20,[1],[1],2,20,20,35891.95999998739,0.0,44130.916698912304,26832.28942360707,0.0,17298.627275305236,0.0,17298.627275305236,18.641110499999996,6.4978347480000025,0.9124330839999857,0.3315664589999585,19,"[[""line_01_02"",""line_10_11""],[""line_02_03"",""line_02_19""],[""line_06_07"",""line_26_27""],[""line_03_23"",""line_06_07""],[""line_06_26"",""line_10_11""],[""line_03_23"",""line_06_26""],[""line_01_02"",""line_05_06""],[""line_07_08"",""line_28_29""],[""line_01_02"",""line_07_08""],[""line_06_26"",""line_11_12""],[""line_01_02"",""line_06_26""],[""line_02_03"",""line_30_31""],[""line_02_03"",""line_31_32""],[""line_02_03"",""line_13_14""],[""line_02_03"",""line_19_20""],[""line_02_03"",""line_03_04""],[""line_06_26"",""line_23_24""],[""line_07_08"",""line_23_24""],[""line_02_03"",""line_02_19""],[""line_01_02"",""line_04_05""]]","[0.0,23625.851866569337,26823.693279902243,26823.693279902138,26823.693279902243,26823.693279902243,29844.318643484974,30946.2584062602,31363.694663751747,31363.694663751743,31363.694663751743,37055.191834045334,37055.19183404526,37055.19183404531,37055.191834045334,40943.66742122808,42612.75342039093,43171.37240858328,43454.051165957826,44130.916698912304]","[151547.5799999945,142456.53000005707,90092.15000004321,73910.1100000292,71546.45000003651,68546.4200000111,55297.59999998752,84273.90000003017,66455.90000000596,67455.50000003353,63910.419999999925,46455.53000000492,46455.52999999933,44273.73000000976,42637.34000000171,38291.129999991506,56728.07000000775,62091.75000001863,41273.7300000079,35891.95999998739]","[{""alpha_lambda_only"":true,""cut_id"":""generated_cut_001"",""cut_signature"":""04284b1dfaca16a8"",""iteration_id"":0,""old_master_violation"":151547.58000000287,""plan_changed"":false,""post_cut_master_objective_change"":23625.851866569337,""post_plan_signature"":[],""pre_plan_signature"":[]},{""alpha_lambda_only"":false,""cut_id"":""generated_cut_002"",""cut_signature"":""7023baf585baad6f"",""iteration_id"":1,""old_master_violation"":142456.52999999654,""plan_changed"":true,""post_cut_master_objective_change"":3197.841413332906,""post_plan_signature"":[[26,25,10]],""pre_plan_signature"":[]},{""alpha_lambda_only"":false,""cut_id"":""generated_cut_003"",""cut_signature"":""8ba5c28c8ec81e32"",""iteration_id"":2,""old_master_violation"":90092.14999999711,""plan_changed"":true,""post_cut_master_objective_change"":-1.0550138540565968e-10,""post_plan_signature"":[[33,25,10]],""pre_plan_signature"":[[26,25,10]]},{""alpha_lambda_only"":false,""cut_id"":""generated_cut_004"",""cut_signature"":""4913fb4744f51471"",""iteration_id"":3,""old_master_violation"":73910.10999999754,""plan_changed"":true,""post_cut_master_objective_change"":1.0550138540565968e-10,""post_plan_signature"":[[10,25,10]],""pre_plan_signature"":[[33,25,10]]},{""alpha_lambda_only"":false,""cut_id"":""generated_cut_005"",""cut_signature"":""af88aac51e863df2"",""iteration_id"":4,""old_master_violation"":71546.44999999786,""plan_changed"":true,""post_cut_master_objective_change"":0.0,""post_plan_signature"":[[11,25,10]],""pre_plan_signature"":[[10,25,10]]},{""alpha_lambda_only"":false,""cut_id"":""generated_cut_006"",""cut_signature"":""2f32d7bcd389e08b"",""iteration_id"":5,""old_master_violation"":68546.419999999,""plan_changed"":true,""post_cut_master_objective_change"":3020.6253635827306,""post_plan_signature"":[[9,25,4],[29,25,4]],""pre_plan_signature"":[[11,25,10]]},{""alpha_lambda_only"":false,""cut_id"":""generated_cut_007"",""cut_signature"":""80da8ca98689f9e8"",""iteration_id"":6,""old_master_violation"":60726.439999994356,""plan_changed"":true,""post_cut_master_objective_change"":1101.939762775226,""post_plan_signature"":[[24,25,4],[28,25,4]],""pre_plan_signature"":[[9,25,4],[29,25,4]]},{""alpha_lambda_only"":false,""cut_id"":""generated_cut_008"",""cut_signature"":""6d449df7101658a1"",""iteration_id"":7,""old_master_violation"":84273.89999999804,""plan_changed"":true,""post_cut_master_objective_change"":417.4362574915467,""post_plan_signature"":[[23,25,4],[33,25,5]],""pre_plan_signature"":[[24,25,4],[28,25,4]]},{""alpha_lambda_only"":false,""cut_id"":""generated_cut_009"",""cut_signature"":""1b6bbe1b8e28a9ce"",""iteration_id"":8,""old_master_violation"":66455.90000000107,""plan_changed"":true,""post_cut_master_objective_change"":-3.637978807091713e-12,""post_plan_signature"":[[11,25,5],[25,25,4]],""pre_plan_signature"":[[23,25,4],[33,25,5]]},{""alpha_lambda_only"":false,""cut_id"":""generated_cut_010"",""cut_signature"":""9287284c490038c2"",""iteration_id"":9,""old_master_violation"":67455.49999999814,""plan_changed"":true,""post_cut_master_objective_change"":0.0,""post_plan_signature"":[[18,25,5],[24,25,4]],""pre_plan_signature"":[[11,25,5],[25,25,4]]},{""alpha_lambda_only"":false,""cut_id"":""generated_cut_011"",""cut_signature"":""1b1ed19134eff394"",""iteration_id"":10,""old_master_violation"":63910.42000000039,""plan_changed"":true,""post_cut_master_objective_change"":5691.497170293591,""post_plan_signature"":[[12,25,4],[30,25,3]],""pre_plan_signature"":[[18,25,5],[24,25,4]]},{""alpha_lambda_only"":false,""cut_id"":""generated_cut_012"",""cut_signature"":""0cbb2cf8a5844287"",""iteration_id"":11,""old_master_violation"":46455.53000000119,""plan_changed"":true,""post_cut_master_objective_change"":-7.275957614183426e-11,""post_plan_signature"":[[13,25,4],[31,25,3]],""pre_plan_signature"":[[12,25,4],[30,25,3]]},{""alpha_lambda_only"":false,""cut_id"":""generated_cut_013"",""cut_signature"":""d7098c81c595ad54"",""iteration_id"":12,""old_master_violation"":46455.530000001425,""plan_changed"":true,""post_cut_master_objective_change"":5.093170329928398e-11,""post_plan_signature"":[[13,25,4],[32,25,3]],""pre_plan_signature"":[[13,25,4],[31,25,3]]},{""alpha_lambda_only"":false,""cut_id"":""generated_cut_014"",""cut_signature"":""06e8fa30e2e75d8d"",""iteration_id"":13,""old_master_violation"":44273.73000000161,""plan_changed"":true,""post_cut_master_objective_change"":2.1827872842550278e-11,""post_plan_signature"":[[15,25,4],[32,25,3]],""pre_plan_signature"":[[13,25,4],[32,25,3]]},{""alpha_lambda_only"":false,""cut_id"":""generated_cut_015"",""cut_signature"":""08ec02addf8df0b4"",""iteration_id"":14,""old_master_violation"":42637.34000000078,""plan_changed"":true,""post_cut_master_objective_change"":3888.4755871827438,""post_plan_signature"":[[15,25,3],[22,25,1],[32,25,3]],""pre_plan_signature"":[[15,25,4],[32,25,3]]},{""alpha_lambda_only"":false,""cut_id"":""generated_cut_016"",""cut_signature"":""d7547fd684d79f0e"",""iteration_id"":15,""old_master_violation"":39728.169999996666,""plan_changed"":true,""post_cut_master_objective_change"":1669.085999162853,""post_plan_signature"":[[15,25,5]],""pre_plan_signature"":[[15,25,3],[22,25,1],[32,25,3]]},{""alpha_lambda_only"":false,""cut_id"":""generated_cut_017"",""cut_signature"":""77748050c30a1efb"",""iteration_id"":16,""old_master_violation"":56728.06999999657,""plan_changed"":true,""post_cut_master_objective_change"":558.6189881923492,""post_plan_signature"":[[33,25,5]],""pre_plan_signature"":[[15,25,5]]},{""alpha_lambda_only"":false,""cut_id"":""generated_cut_018"",""cut_signature"":""23e4b53abf673ac0"",""iteration_id"":17,""old_master_violation"":62091.75000000093,""plan_changed"":true,""post_cut_master_objective_change"":282.67875737454597,""post_plan_signature"":[[18,25,2],[24,25,1],[32,25,2]],""pre_plan_signature"":[[33,25,5]]},{""alpha_lambda_only"":false,""cut_id"":""generated_cut_019"",""cut_signature"":""d161a34ac9bb1998"",""iteration_id"":18,""old_master_violation"":41273.73000000138,""plan_changed"":true,""post_cut_master_objective_change"":676.8655329544781,""post_plan_signature"":[[15,25,3],[33,25,3]],""pre_plan_signature"":[[18,25,2],[24,25,1],[32,25,2]]}]",True,False,true non-certification under enlarged iteration budget; lower-bound gain=44130.917; violation drop=115655.620; dominant runtime component: master-side; repeated outage pattern observed; smoke_only result should not be promoted beyond directional diagnosis
